locality_id,locality_name,district,latitude,longitude,area_type,road_type,police_station_dist_km,hospital_dist_km,nearest_hospital,metro_dist_km,nearest_metro,market_density,school_density,population_density_proxy,baseline_tendency,volatility,night_sensitivity,weekend_sensitivity
L0001,Anand Parbat,Central,28.6314,77.22243,residential,highway-adjacent,1.24,2.2,LNJP Hospital,0.25,Rajiv Chowk,1,7,27.5,-0.134,0.961,0.534,0.041
L0002,Nabi Karim,Central,28.63707,77.21584,residential,local,0.89,1.85,RML Hospital,0.45,Rajiv Chowk,2,8,29.9,-0.809,1.251,1.122,-0.75
L0003,Chandni Mahal,Central,28.6341,77.2238,market-zone,local,0.6,1.36,LNJP Hospital,0.24,Rajiv Chowk,10,4,27.5,-1.725,1.482,1.701,-0.286
L0004,Jama Masjid,Central,28.66367,77.22663,mixed,arterial,0.56,2.61,LNJP Hospital,0.94,Kashmere Gate,2,3,21.9,-0.48,1.133,1.123,0.396
L0005,Karol Bagh,Central,28.63618,77.23733,market-zone,collector,1.96,1.13,LNJP Hospital,2.28,Chandni Chowk,10,3,19.1,-0.186,0.815,1.528,-0.396
L0006,Hauz Qazi,Central,28.64181,77.21421,market-zone,collector,2.44,1.25,RML Hospital,1.43,Rajiv Chowk,7,2,28.1,1.694,0.953,1.662,-0.368
L0007,Prasad Nagar,Central,28.65057,77.23966,mixed,collector,0.59,0.86,LNJP Hospital,0.94,Chandni Chowk,5,5,28.3,-1.155,0.783,1.355,-0.309
L0008,Patel Nagar,Central,28.65299,77.21289,residential,local,0.84,2.09,RML Hospital,1.73,Chandni Chowk,2,7,25.6,0.563,0.719,1.329,0.292
L0009,Rajinder Nagar,Central,28.6386,77.23085,mixed,highway-adjacent,1.13,1.15,LNJP Hospital,1.29,Rajiv Chowk,2,2,19.5,1.814,1.311,1.206,-0.209
L0010,Ranjit Nagar,Central,28.64956,77.22043,residential,collector,1.48,2.31,LNJP Hospital,1.15,Chandni Chowk,1,3,21.6,-0.904,1.476,0.751,0.845
L0011,Darya Ganj,Central,28.65316,77.22242,residential,collector,1.42,2.04,LNJP Hospital,1.06,Chandni Chowk,4,7,29.2,0.341,0.813,1.046,-0.021
L0012,Kamla Market,Central,28.64008,77.21682,market-zone,local,2.27,1.48,RML Hospital,1.06,Rajiv Chowk,7,2,28.0,0.677,0.653,1.153,0.095
L0013,Anand Parbat Phase 2,Central,28.65485,77.22737,residential,local,0.33,1.72,LNJP Hospital,0.64,Chandni Chowk,1,3,27.3,-0.084,1.269,1.634,0.463
L0014,Nabi Karim Phase 1,Central,28.64948,77.2002,residential,local,2.3,1.82,Ganga Ram Hospital,0.87,Karol Bagh,1,5,20.9,-0.031,0.437,0.957,0.18
L0015,Nabi Karim Colony,Central,28.65353,77.23852,residential,highway-adjacent,1.63,0.98,LNJP Hospital,0.74,Chandni Chowk,3,8,31.3,-1.685,1.082,0.71,0.83
L0016,Jama Masjid Block B,Central,28.64399,77.2318,residential,local,2.24,0.65,LNJP Hospital,0.8,Chandni Chowk,2,7,20.7,1.656,1.312,0.829,-1.204
L0017,Jama Masjid Colony,Central,28.63119,77.23176,mixed,arterial,1.31,1.73,LNJP Hospital,1.04,Rajiv Chowk,3,5,26.5,-0.477,2.214,0.796,0.892
L0018,Karol Bagh Extension,Central,28.66343,77.22492,market-zone,collector,0.48,2.72,LNJP Hospital,0.37,Kashmere Gate,6,1,22.6,0.203,1.008,0.595,-0.02
L0019,Karol Bagh Block C,Central,28.65307,77.23753,market-zone,arterial,1.09,1.17,LNJP Hospital,0.98,Chandni Chowk,10,2,21.3,-1.037,1.317,1.197,0.488
L0020,Hauz Qazi Colony,Central,28.65263,77.20037,market-zone,collector,0.86,1.48,Ganga Ram Hospital,1.47,Karol Bagh,9,2,33.9,-0.159,0.684,0.828,-0.487
L0021,Prasad Nagar Block C,Central,28.65268,77.20865,residential,arterial,1.37,1.92,RML Hospital,1.66,Karol Bagh,4,6,33.4,0.068,1.025,0.82,-1.019
L0022,Prasad Nagar Phase 2,Central,28.64129,77.22927,residential,local,1.45,0.53,LNJP Hospital,1.38,Chandni Chowk,3,6,26.0,-0.145,0.969,1.142,-0.138
L0023,Ranjit Nagar Phase 1,Central,28.64671,77.23927,residential,collector,1.44,0.64,LNJP Hospital,1.55,Chandni Chowk,3,6,22.9,-0.431,0.685,0.714,0.858
L0024,Darya Ganj Extension,Central,28.65267,77.22463,residential,collector,0.38,1.45,LNJP Hospital,0.31,Chandni Chowk,1,6,20.6,1.036,1.258,1.006,0.345
L0025,Kamla Market Phase 2,Central,28.64928,77.21632,market-zone,collector,1.49,1.94,RML Hospital,1.4,Chandni Chowk,9,4,23.1,0.676,0.987,0.617,0.695
L0026,Kamla Market Block C,Central,28.6402,77.23509,market-zone,arterial,1.73,0.45,LNJP Hospital,1.09,Chandni Chowk,9,4,20.1,-0.202,1.239,0.963,-0.696
L0027,Connaught Place,New Delhi,28.62107,77.20612,commercial,local,1.35,2.1,RML Hospital,0.87,Central Secretariat,5,2,13.1,0.485,1.113,1.106,-0.619
L0028,Barakhamba Road,New Delhi,28.63018,77.21131,residential,local,1.68,1.66,RML Hospital,0.94,Rajiv Chowk,4,7,23.0,-0.243,0.869,1.496,-0.166
L0029,Mandir Marg,New Delhi,28.60705,77.19265,residential,highway-adjacent,0.46,3.5,RML Hospital,2.65,Central Secretariat,3,8,17.1,0.33,0.771,1.395,0.546
L0030,Chanakya Puri,New Delhi,28.62391,77.21492,residential,local,2.2,2.25,RML Hospital,1.0,Central Secretariat,3,3,19.4,1.687,0.731,0.507,0.64
L0031,Parliament Street,New Delhi,28.62677,77.20432,residential,arterial,2.1,1.58,RML Hospital,2.09,Central Secretariat,1,7,21.5,1.753,0.857,0.865,-0.05
L0032,Tilak Marg,New Delhi,28.60928,77.22008,residential,local,2.04,3.81,RML Hospital,1.45,Central Secretariat,3,7,11.9,0.868,0.908,1.705,-0.43
L0033,Tughlak Road,New Delhi,28.59867,77.21569,residential,local,0.96,3.41,Safdarjung Hospital,1.85,Central Secretariat,3,4,17.5,-1.583,0.922,1.282,0.556
L0034,South Avenue,New Delhi,28.6038,77.22489,residential,local,2.01,4.73,Safdarjung Hospital,1.66,Central Secretariat,4,4,13.7,1.428,1.62,0.291,-0.109
L0035,Barakhamba Road Phase 1,New Delhi,28.61191,77.22888,residential,collector,1.78,3.56,LNJP Hospital,2.24,Central Secretariat,1,8,15.9,-0.436,1.082,0.688,-0.007
L0036,Barakhamba Road Extension,New Delhi,28.62675,77.21397,residential,local,0.87,1.47,RML Hospital,0.72,Rajiv Chowk,3,4,23.7,-0.469,0.937,0.936,0.59
L0037,Mandir Marg Extension,New Delhi,28.62808,77.22601,residential,local,0.92,2.39,LNJP Hospital,1.13,Rajiv Chowk,3,4,18.2,-0.264,1.364,2.203,-0.514
L0038,Parliament Street Extension,New Delhi,28.60111,77.19953,residential,collector,1.2,3.9,Safdarjung Hospital,2.46,Central Secretariat,1,6,15.6,-0.004,0.531,0.334,0.336
L0039,Tilak Marg Block C,New Delhi,28.62941,77.21102,residential,collector,0.49,1.4,RML Hospital,0.67,Rajiv Chowk,2,3,10.7,0.252,1.239,0.93,0.389
L0040,Tughlak Road Sector Extension,New Delhi,28.60299,77.19095,residential,local,1.9,3.68,RML Hospital,2.85,Central Secretariat,1,5,16.3,1.846,1.241,1.602,0.132
L0041,South Avenue Block B,New Delhi,28.61261,77.22283,residential,collector,1.85,3.58,RML Hospital,1.38,Central Secretariat,4,5,15.3,0.537,1.53,0.639,0.183
L0042,South Avenue Phase 2,New Delhi,28.62648,77.22161,mixed,collector,1.55,2.45,RML Hospital,0.66,Rajiv Chowk,4,5,18.9,-0.671,1.273,1.762,-0.623
L0043,Subzi Mandi,North,28.67279,77.21249,residential,collector,1.58,4.19,LNJP Hospital,1.97,Kashmere Gate,2,4,24.7,0.391,1.318,1.171,-1.138
L0044,Civil Lines,North,28.6887,77.22466,residential,local,1.14,5.38,LNJP Hospital,2.27,Vishwavidyalaya,3,3,18.3,0.507,0.975,0.611,-0.857
L0045,Kashmiri Gate,North,28.67766,77.2095,transit-hub,arterial,0.67,5.03,Ganga Ram Hospital,2.58,Kashmere Gate,6,4,19.4,1.103,1.049,1.448,-0.039
L0046,Timarpur,North,28.7148,77.22681,residential,collector,0.41,6.87,Fortis Shalimar Bagh,2.77,Vishwavidyalaya,4,4,29.3,0.517,1.172,1.634,0.231
L0047,Roop Nagar,North,28.70036,77.22713,mixed,highway-adjacent,2.36,6.52,LNJP Hospital,1.71,Vishwavidyalaya,3,4,33.0,-1.298,0.663,1.054,-1.445
L0048,Gulabi Bagh,North,28.70986,77.19429,residential,arterial,2.05,4.01,Fortis Shalimar Bagh,2.67,Vishwavidyalaya,4,8,18.9,-2.24,1.059,0.584,-0.444
L0049,Burari,North,28.67392,77.19036,residential,arterial,2.35,3.5,Ganga Ram Hospital,2.87,Karol Bagh,4,7,32.6,-1.48,0.358,1.119,0.175
L0050,Sadar Bazar,North,28.67094,77.20287,market-zone,collector,1.18,3.46,Ganga Ram Hospital,2.37,Kashmere Gate,7,4,30.1,-2.187,0.421,0.723,0.055
L0051,Kotwali,North,28.6767,77.22994,mixed,arterial,1.26,4.15,LNJP Hospital,1.21,Kashmere Gate,4,4,21.3,0.127,0.61,1.224,-1.212
L0052,Wazirabad,North,28.68201,77.21437,residential,local,0.74,5.34,LNJP Hospital,1.67,Vishwavidyalaya,1,7,31.0,0.811,0.627,1.116,0.029
L0053,Sarai Rohilla,North,28.70557,77.20587,mixed,collector,2.18,4.87,Fortis Shalimar Bagh,1.18,Vishwavidyalaya,2,3,28.8,0.817,0.597,1.611,-0.068
L0054,Subzi Mandi Phase 1,North,28.68847,77.20651,residential,local,1.04,6.04,Ganga Ram Hospital,1.04,Vishwavidyalaya,1,3,20.3,0.57,0.497,0.822,-0.692
L0055,Subzi Mandi Sector Extension,North,28.67498,77.21116,residential,local,2.47,4.17,Ganga Ram Hospital,2.26,Kashmere Gate,1,7,28.1,-1.565,0.625,0.887,-0.047
L0056,Kashmiri Gate Block A,North,28.70448,77.22496,transit-hub,collector,2.03,6.46,Fortis Shalimar Bagh,2.2,Vishwavidyalaya,6,3,19.2,-0.855,0.83,1.172,-0.394
L0057,Roop Nagar Phase 2,North,28.71581,77.19232,residential,local,1.78,3.73,Fortis Shalimar Bagh,2.5,Vishwavidyalaya,4,4,20.9,-0.159,1.373,1.077,-0.238
L0058,Gulabi Bagh Block C,North,28.70753,77.22833,residential,collector,0.66,7.17,Fortis Shalimar Bagh,2.35,Vishwavidyalaya,3,7,25.4,0.405,1.358,1.335,-0.485
L0059,Sadar Bazar Extension,North,28.68939,77.2048,market-zone,local,0.97,5.35,Fortis Shalimar Bagh,1.34,Vishwavidyalaya,7,2,20.0,-0.666,0.822,0.788,0.389
L0060,Bhajanpura,North East,28.68524,77.28433,mixed,highway-adjacent,1.06,2.99,GTB Hospital,2.4,Shahdara,5,2,33.3,0.106,1.824,0.629,0.075
L0061,Gokulpuri,North East,28.70684,77.29516,mixed,collector,1.87,2.34,GTB Hospital,4.42,Shahdara,4,2,21.2,-2.727,1.06,1.466,0.516
L0062,Harsh Vihar,North East,28.68916,77.2749,transit-hub,arterial,0.41,3.81,GTB Hospital,2.6,Shahdara,5,2,31.3,-1.344,1.99,1.118,-0.585
L0063,Jafrabad,North East,28.6854,77.29105,residential,highway-adjacent,0.54,2.61,GTB Hospital,2.31,Shahdara,4,5,22.1,1.894,1.087,0.548,-0.463
L0064,Karawal Nagar,North East,28.70582,77.29035,residential,collector,0.63,2.65,GTB Hospital,4.05,Shahdara,3,7,28.5,-0.155,1.459,0.824,-0.717
L0065,Khajuri Khas,North East,28.67349,77.29847,residential,local,2.32,3.41,GTB Hospital,1.2,Shahdara,3,3,29.5,0.156,1.307,1.275,0.703
L0066,Nand Nagri,North East,28.68769,77.25778,mixed,collector,2.31,5.43,LNJP Hospital,4.11,Kashmere Gate,5,4,33.2,2.2,0.54,0.843,-0.036
L0067,Seelampur,North East,28.70825,77.2968,residential,collector,1.09,2.22,GTB Hospital,4.17,Shahdara,1,3,19.2,1.911,0.297,0.968,-0.515
L0068,Shastri Park,North East,28.70539,77.28519,residential,local,1.86,2.77,GTB Hospital,3.88,Shahdara,4,7,25.4,0.066,1.576,1.676,0.477
L0069,Sonia Vihar,North East,28.67707,77.28851,transit-hub,collector,1.94,3.25,GTB Hospital,1.37,Shahdara,3,2,24.6,1.98,0.974,0.729,-0.287
L0070,Welcome,North East,28.6894,77.28625,residential,local,2.45,2.65,GTB Hospital,2.57,Shahdara,2,7,33.0,-1.077,0.934,1.003,0.833
L0071,Bhajanpura Extension,North East,28.69983,77.28116,residential,local,1.5,3.23,GTB Hospital,3.26,Shahdara,2,5,24.1,0.447,0.769,1.826,0.147
L0072,Bhajanpura Block C,North East,28.68088,77.28902,mixed,local,0.7,2.97,GTB Hospital,1.39,Shahdara,5,4,26.9,0.278,0.299,1.039,-0.046
L0073,Karawal Nagar Colony,North East,28.69681,77.25177,residential,arterial,2.37,5.99,GTB Hospital,4.16,Kashmere Gate,3,4,25.9,-0.204,1.344,1.173,-0.74
L0074,Karawal Nagar Phase 1,North East,28.68993,77.28688,residential,collector,1.53,2.93,GTB Hospital,2.14,Shahdara,3,8,26.8,0.962,0.542,0.795,-0.519
L0075,Khajuri Khas Phase 2,North East,28.70578,77.26446,mixed,local,2.2,5.15,GTB Hospital,5.34,Shahdara,2,5,26.7,-1.076,1.125,0.849,0.375
L0076,Khajuri Khas Sector Extension,North East,28.67093,77.25778,mixed,arterial,2.17,3.75,LNJP Hospital,2.87,Kashmere Gate,3,4,18.2,0.879,1.156,1.416,0.378
L0077,Nand Nagri Colony,North East,28.69623,77.28272,mixed,arterial,1.2,3.21,GTB Hospital,3.5,Shahdara,5,2,19.5,-0.023,1.163,0.208,0.299
L0078,Seelampur Block C,North East,28.69704,77.27851,residential,local,2.22,3.64,GTB Hospital,3.69,Shahdara,3,5,32.2,0.486,1.206,0.982,-0.591
L0079,Welcome Colony,North East,28.67614,77.29711,mixed,local,0.99,3.3,GTB Hospital,1.25,Shahdara,3,2,18.4,-0.095,1.268,1.331,-1.315
L0080,Welcome Extension,North East,28.68822,77.25658,mixed,highway-adjacent,0.38,5.22,LNJP Hospital,3.5,Kashmere Gate,2,2,31.1,-1.862,0.846,1.46,1.346
L0081,Ashok Vihar,North West,28.68252,77.17003,transit-hub,local,1.19,4.12,Fortis Shalimar Bagh,2.41,Netaji Subhash Place,4,3,15.4,0.032,0.367,0.246,0.271
L0082,Model Town,North West,28.71761,77.15313,mixed,collector,0.97,0.38,Fortis Shalimar Bagh,2.34,Netaji Subhash Place,4,2,19.5,0.936,0.812,0.373,-0.091
L0083,Jahangirpuri,North West,28.70581,77.14285,residential,collector,1.53,1.97,Fortis Shalimar Bagh,1.38,Netaji Subhash Place,2,4,22.0,-0.688,1.418,1.195,-0.573
L0084,Mukherjee Nagar,North West,28.68404,77.14194,mixed,arterial,1.58,4.1,Fortis Shalimar Bagh,1.84,Netaji Subhash Place,2,4,14.7,1.245,1.113,1.075,-0.978
L0085,Keshav Puram,North West,28.71135,77.14027,residential,collector,0.69,1.82,Fortis Shalimar Bagh,2.18,Pitampura,4,3,19.1,-0.393,1.086,1.451,0.854
L0086,Rani Bagh,North West,28.70802,77.17652,residential,collector,1.38,1.93,Fortis Shalimar Bagh,3.09,Netaji Subhash Place,4,7,18.5,-0.568,0.613,0.718,0.226
L0087,Shalimar Bagh,North West,28.68675,77.13639,residential,local,0.83,3.57,Rohini Hospital (BSA),1.97,Pitampura,1,8,14.1,-1.653,1.066,1.217,-0.859
L0088,Subhash Place,North West,28.73018,77.17682,mixed,collector,0.49,2.41,Fortis Shalimar Bagh,4.44,Netaji Subhash Place,5,2,19.8,1.08,1.341,1.349,-0.293
L0089,Pitampura,North West,28.72828,77.15445,residential,collector,1.16,1.13,Fortis Shalimar Bagh,3.59,Rohini Sector 18,2,3,18.5,2.485,1.762,1.402,0.435
L0090,Adarsh Nagar,North West,28.71847,77.15226,mixed,arterial,1.5,1.0,Fortis Shalimar Bagh,2.54,Netaji Subhash Place,5,3,18.1,0.037,0.697,0.887,0.041
L0091,Ashok Vihar Colony,North West,28.71848,77.17916,transit-hub,arterial,1.47,2.35,Fortis Shalimar Bagh,3.45,Netaji Subhash Place,4,2,20.3,0.36,1.148,1.144,-0.943
L0092,Jahangirpuri Phase 2,North West,28.69058,77.14296,residential,local,0.79,3.15,Fortis Shalimar Bagh,0.81,Netaji Subhash Place,4,4,11.7,-0.486,1.014,1.008,0.002
L0093,Keshav Puram Sector Extension,North West,28.69703,77.17751,residential,local,1.69,2.93,Fortis Shalimar Bagh,2.51,Netaji Subhash Place,1,3,20.2,1.969,1.178,0.614,0.012
L0094,Rani Bagh Block B,North West,28.73714,77.14382,residential,local,2.46,2.49,Fortis Shalimar Bagh,3.14,Rohini Sector 18,4,5,19.0,-0.878,1.442,1.555,0.203
L0095,Rani Bagh Block A,North West,28.73869,77.17185,residential,local,0.99,3.19,Fortis Shalimar Bagh,5.25,Netaji Subhash Place,4,3,23.6,-0.94,1.611,0.564,0.191
L0096,Shalimar Bagh Block A,North West,28.69879,77.17393,residential,local,1.23,2.58,Fortis Shalimar Bagh,1.94,Netaji Subhash Place,1,4,11.7,0.072,1.367,1.34,-0.611
L0097,Subhash Place Colony,North West,28.72094,77.1672,mixed,collector,1.0,0.84,Fortis Shalimar Bagh,2.8,Netaji Subhash Place,4,4,16.9,-0.457,1.265,0.418,-0.87
L0098,Subhash Place Block B,North West,28.71464,77.1666,residential,collector,1.49,0.82,Fortis Shalimar Bagh,2.79,Netaji Subhash Place,4,5,16.8,0.511,0.467,1.406,0.652
L0099,Adarsh Nagar Block B,North West,28.70981,77.13156,residential,collector,0.85,2.39,Rohini Hospital (BSA),1.1,Rohini Sector 18,1,3,15.6,-1.589,0.169,1.264,-0.806
L0100,Adarsh Nagar Extension,North West,28.68805,77.16419,residential,collector,1.49,3.0,Fortis Shalimar Bagh,1.47,Netaji Subhash Place,2,8,20.4,0.837,1.187,0.606,-0.114
L0101,Moti Nagar,West,28.64519,77.10747,residential,arterial,0.78,4.05,Deen Dayal Upadhyay Hospital,1.35,Rajouri Garden,2,8,21.3,-0.826,1.009,0.702,0.121
L0102,Naraina,West,28.6567,77.11032,commercial,collector,2.14,3.77,Deen Dayal Upadhyay Hospital,1.75,Rajouri Garden,6,2,22.0,0.245,0.643,1.355,0.401
L0103,Punjabi Bagh,West,28.66044,77.11762,mixed,local,1.0,3.38,Deen Dayal Upadhyay Hospital,1.83,Rajouri Garden,5,2,23.8,-0.424,1.107,1.015,-0.594
L0104,Rajouri Garden,West,28.66864,77.11924,residential,local,0.46,3.58,Deen Dayal Upadhyay Hospital,2.92,Rajouri Garden,3,7,24.0,-0.153,1.254,1.229,0.475
L0105,Tilak Nagar,West,28.64289,77.10139,residential,local,2.5,4.4,Deen Dayal Upadhyay Hospital,2.38,Janakpuri West,3,8,11.5,0.059,0.467,1.142,0.088
L0106,Kirti Nagar,West,28.66902,77.12046,commercial,arterial,1.68,3.35,Deen Dayal Upadhyay Hospital,2.37,Rajouri Garden,4,1,13.4,0.56,1.211,0.966,0.392
L0107,Hari Nagar,West,28.66994,77.07343,residential,highway-adjacent,1.16,6.03,Rohini Hospital (BSA),4.46,Janakpuri West,4,4,23.3,-1.115,0.777,0.626,-0.227
L0108,Vikaspuri,West,28.66215,77.12268,mixed,arterial,0.68,2.84,Deen Dayal Upadhyay Hospital,1.54,Rajouri Garden,3,2,18.2,0.689,0.764,1.24,0.14
L0109,Mayapuri,West,28.64307,77.10691,commercial,highway-adjacent,2.01,3.53,Deen Dayal Upadhyay Hospital,1.41,Rajouri Garden,5,3,21.5,0.583,1.48,1.05,0.983
L0110,Janakpuri,West,28.64737,77.10003,residential,collector,1.75,4.23,Deen Dayal Upadhyay Hospital,2.23,Rajouri Garden,2,6,19.3,-0.889,0.945,1.222,-0.772
L0111,Moti Nagar Phase 2,West,28.65398,77.09045,residential,local,0.77,5.64,Deen Dayal Upadhyay Hospital,2.95,Janakpuri West,4,5,21.8,0.571,1.08,1.602,-0.373
L0112,Moti Nagar Phase 1,West,28.63259,77.09734,residential,collector,2.28,5.19,Deen Dayal Upadhyay Hospital,1.44,Janakpuri West,4,5,15.5,-2.254,1.171,0.302,0.672
L0113,Punjabi Bagh Extension,West,28.63058,77.12364,mixed,collector,1.34,2.68,Deen Dayal Upadhyay Hospital,1.99,Rajouri Garden,3,4,23.8,1.031,0.52,1.471,0.167
L0114,Punjabi Bagh Sector Extension,West,28.63726,77.12839,residential,local,1.81,1.81,Deen Dayal Upadhyay Hospital,1.62,Rajouri Garden,1,7,16.2,0.787,0.67,1.89,0.474
L0115,Tilak Nagar Block B,West,28.66875,77.11363,mixed,local,1.58,3.64,Deen Dayal Upadhyay Hospital,2.99,Rajouri Garden,5,3,22.0,1.103,0.862,1.265,0.311
L0116,Hari Nagar Sector Extension,West,28.65343,77.08018,residential,highway-adjacent,0.94,6.14,Deen Dayal Upadhyay Hospital,2.6,Janakpuri West,2,3,14.5,0.213,0.985,1.53,0.518
L0117,Vikaspuri Phase 2,West,28.63405,77.12963,mixed,collector,0.56,2.1,Deen Dayal Upadhyay Hospital,2.09,Rajouri Garden,5,4,18.0,0.932,1.124,0.63,0.238
L0118,Vikaspuri Block A,West,28.63047,77.07838,residential,arterial,0.39,7.03,Deen Dayal Upadhyay Hospital,1.03,Janakpuri West,1,4,22.2,-0.205,0.768,0.924,-0.534
L0119,Delhi Cantt,South West,28.58807,77.10325,transit-hub,arterial,1.18,7.73,Deen Dayal Upadhyay Hospital,5.41,Janakpuri West,5,4,16.7,-1.587,1.205,0.683,-0.619
L0120,Sagarpur,South West,28.56005,77.10583,residential,collector,1.25,9.64,Safdarjung Hospital,5.22,Dwarka Sector 21,4,4,23.5,-0.291,0.83,0.513,0.111
L0121,Kapashera,South West,28.60941,77.12612,residential,arterial,0.32,4.96,Deen Dayal Upadhyay Hospital,4.52,Rajouri Garden,1,6,18.2,0.218,0.874,0.331,0.456
L0122,R.K. Puram,South West,28.59479,77.09897,residential,local,2.37,7.28,Deen Dayal Upadhyay Hospital,3.93,Janakpuri West,1,6,17.5,-0.014,1.397,1.26,0.282
L0123,Palam Village,South West,28.57877,77.13491,mixed,collector,2.15,7.27,Safdarjung Hospital,7.78,INA,5,5,16.6,1.049,0.721,0.954,0.418
L0124,Vasant Vihar,South West,28.56201,77.06781,transit-hub,highway-adjacent,1.74,12.52,Deen Dayal Upadhyay Hospital,1.56,Dwarka Sector 21,6,4,11.7,-0.592,1.051,0.908,0.846
L0125,Vasant Kunj,South West,28.57616,77.07557,residential,arterial,0.31,10.61,Deen Dayal Upadhyay Hospital,3.01,Dwarka Sector 21,3,6,14.8,-1.025,0.952,0.395,-0.104
L0126,Kishan Garh,South West,28.59701,77.13295,residential,arterial,0.53,5.72,Deen Dayal Upadhyay Hospital,6.12,Rajouri Garden,2,7,15.0,0.712,0.273,1.453,-1.585
L0127,Sarojini Nagar,South West,28.56952,77.06332,market-zone,collector,2.45,11.8,Deen Dayal Upadhyay Hospital,1.92,Dwarka Sector 21,6,1,18.3,2.462,1.695,0.86,0.428
L0128,Safdarjung Enclave,South West,28.57868,77.10422,residential,local,1.96,8.42,Deen Dayal Upadhyay Hospital,5.27,Dwarka Sector 21,1,4,19.4,-0.831,0.586,1.458,0.343
L0129,Delhi Cantt Phase 2,South West,28.59247,77.13179,transit-hub,arterial,1.92,6.22,Deen Dayal Upadhyay Hospital,6.34,Janakpuri West,6,3,23.7,-0.046,0.4,0.872,0.285
L0130,Sagarpur Extension,South West,28.6071,77.06634,mixed,local,1.24,9.3,Deen Dayal Upadhyay Hospital,3.75,Janakpuri West,5,5,19.2,0.435,0.589,0.252,-0.265
L0131,R.K. Puram Block B,South West,28.58418,77.13763,residential,collector,0.42,6.95,Safdarjung Hospital,7.46,Janakpuri West,1,3,11.7,-1.826,1.003,0.98,0.209
L0132,R.K. Puram Phase 1,South West,28.58482,77.13088,residential,local,0.68,7.28,Deen Dayal Upadhyay Hospital,6.37,Janakpuri West,2,5,10.9,1.703,0.575,1.03,-0.876
L0133,Palam Village Block C,South West,28.57007,77.06676,residential,highway-adjacent,0.98,11.9,Deen Dayal Upadhyay Hospital,2.17,Dwarka Sector 21,3,6,15.5,-0.829,0.966,1.331,0.66
L0134,Palam Village Sector Extension,South West,28.58208,77.09335,mixed,arterial,1.07,8.98,Deen Dayal Upadhyay Hospital,5.25,Dwarka Sector 21,5,4,10.7,3.844,1.173,0.669,0.741
L0135,Kishan Garh Colony,South West,28.57111,77.0866,residential,local,2.11,10.34,Deen Dayal Upadhyay Hospital,3.59,Dwarka Sector 21,3,4,21.6,1.136,0.639,1.293,0.105
L0136,Kishan Garh Phase 2,South West,28.57939,77.07225,residential,local,0.68,10.63,Deen Dayal Upadhyay Hospital,3.84,Dwarka Sector 21,2,8,20.4,0.212,0.895,0.689,0.303
L0137,Safdarjung Enclave Block A,South West,28.58633,77.12252,residential,local,0.34,6.91,Deen Dayal Upadhyay Hospital,6.19,Janakpuri West,1,8,21.2,0.015,1.398,0.694,0.01
L0138,Safdarjung Enclave Extension,South West,28.56436,77.12693,residential,local,1.5,7.55,Safdarjung Hospital,6.57,Dwarka Sector 21,4,5,14.7,-0.989,0.666,0.72,1.138
L0139,Hauz Khas,South,28.53334,77.20991,residential,collector,0.35,0.97,Max Hospital Saket,1.56,Saket,2,7,15.0,-0.267,0.885,1.444,-0.693
L0140,Greater Kailash,South,28.48525,77.2016,residential,local,0.6,5.22,Max Hospital Saket,4.46,Saket,3,5,11.6,-0.884,1.138,0.448,1.05
L0141,Mehrauli,South,28.52282,77.22328,residential,collector,0.59,1.02,Max Hospital Saket,2.01,Saket,4,6,14.9,-0.761,0.931,1.129,1.444
L0142,C.R. Park,South,28.53505,77.19007,mixed,arterial,1.61,2.53,Max Hospital Saket,2.34,Hauz Khas,5,3,11.8,1.039,1.429,0.791,-1.473
L0143,Lodhi Colony,South,28.5146,77.18315,residential,collector,1.2,3.28,Max Hospital Saket,2.63,Saket,2,6,12.2,0.266,1.086,0.58,-0.208
L0144,Sangam Vihar,South,28.52659,77.20719,transit-hub,collector,2.39,1.03,Max Hospital Saket,0.1,Saket,6,2,15.6,-2.353,1.29,0.534,0.18
L0145,Saket,South,28.50222,77.19355,mixed,highway-adjacent,0.59,3.61,Max Hospital Saket,2.58,Saket,4,5,23.0,2.318,1.0,1.332,0.488
L0146,Defence Colony,South,28.52725,77.22504,residential,arterial,1.12,0.92,Max Hospital Saket,1.75,Saket,1,8,12.2,1.086,1.093,1.048,1.026
L0147,Malviya Nagar,South,28.50621,77.18827,residential,local,1.77,3.18,Max Hospital Saket,3.07,Saket,4,4,19.5,-0.397,0.501,1.538,-1.036
L0148,Maidan Garhi,South,28.52565,77.19085,residential,local,1.58,2.13,Max Hospital Saket,1.43,Saket,1,6,14.6,-1.822,0.897,0.535,0.79
L0149,Tigri,South,28.52493,77.21618,mixed,arterial,1.84,0.79,Max Hospital Saket,0.85,Saket,5,3,15.1,0.957,1.031,0.469,-0.375
L0150,Neb Sarai,South,28.485,77.21682,residential,local,1.62,5.17,Max Hospital Saket,4.89,Saket,1,3,13.8,1.767,1.91,1.231,0.469
L0151,Greater Kailash Block C,South,28.50922,77.1825,residential,highway-adjacent,1.81,4.18,Max Hospital Saket,3.41,Saket,1,6,23.9,-0.261,1.715,1.374,-1.339
L0152,C.R. Park Extension,South,28.50121,77.22706,mixed,arterial,2.29,3.43,Max Hospital Saket,3.21,Saket,5,4,20.5,0.035,0.76,1.156,0.795
L0153,C.R. Park Sector Extension,South,28.48258,77.19035,residential,highway-adjacent,2.44,5.69,Max Hospital Saket,5.39,Saket,2,4,17.6,0.206,0.65,1.331,-0.486
L0154,Defence Colony Phase 2,South,28.49047,77.19165,residential,collector,0.81,5.08,Max Hospital Saket,4.11,Saket,1,4,21.7,-0.002,0.965,0.983,0.046
L0155,Malviya Nagar Extension,South,28.51939,77.22527,residential,local,0.45,1.85,Max Hospital Saket,2.18,Saket,2,3,23.0,1.818,1.247,0.475,0.593
L0156,Malviya Nagar Phase 1,South,28.49306,77.20321,residential,local,1.1,4.41,Max Hospital Saket,3.78,Saket,4,8,20.5,0.793,1.286,1.152,0.154
L0157,Maidan Garhi Extension,South,28.50889,77.19675,residential,collector,0.38,2.98,Max Hospital Saket,2.13,Saket,4,5,21.3,-0.424,1.129,0.356,0.296
L0158,Neb Sarai Phase 2,South,28.50631,77.22629,residential,collector,1.01,2.9,Max Hospital Saket,2.51,Saket,3,4,10.2,0.473,1.5,1.489,-0.505
L0159,Neb Sarai Block C,South,28.50503,77.18698,residential,collector,0.73,3.67,Max Hospital Saket,3.07,Saket,2,5,20.4,0.109,1.61,0.98,-0.726
L0160,Kalkaji,South East,28.56448,77.24126,transit-hub,arterial,1.73,3.43,AIIMS Delhi,0.28,Lajpat Nagar,4,4,22.2,0.384,1.394,0.19,-0.262
L0161,Sarita Vihar,South East,28.55169,77.26037,transit-hub,collector,0.35,3.38,Apollo Hospital Sarita Vihar,1.0,Kalkaji Mandir,5,3,16.6,-0.379,0.538,0.871,-0.75
L0162,Lajpat Nagar,South East,28.54392,77.24173,market-zone,local,1.94,3.45,Max Hospital Saket,2.16,Kalkaji Mandir,10,4,10.2,-0.019,1.148,1.275,0.374
L0163,Govindpuri,South East,28.54406,77.24408,residential,local,1.34,3.16,Max Hospital Saket,1.69,Kalkaji Mandir,1,6,14.2,-0.777,0.476,0.655,1.342
L0164,Hazrat Nizamuddin,South East,28.56949,77.28957,mixed,collector,1.97,3.6,Apollo Hospital Sarita Vihar,4.15,Kalkaji Mandir,2,3,11.6,-0.882,1.249,0.499,1.117
L0165,Jamia Nagar,South East,28.53793,77.28532,residential,collector,2.04,0.73,Apollo Hospital Sarita Vihar,2.85,Kalkaji Mandir,4,5,10.6,0.725,0.754,0.702,0.302
L0166,Okhla,South East,28.56798,77.24656,commercial,arterial,1.12,3.89,AIIMS Delhi,0.67,Lajpat Nagar,5,1,15.9,-0.437,1.529,0.934,1.33
L0167,New Friends Colony,South East,28.54976,77.27624,mixed,collector,0.88,1.9,Apollo Hospital Sarita Vihar,1.8,Kalkaji Mandir,4,3,17.1,0.049,0.975,1.866,-0.251
L0168,Shaheen Bagh,South East,28.5237,77.26305,residential,local,0.37,3.07,Apollo Hospital Sarita Vihar,2.74,Kalkaji Mandir,4,3,14.8,1.35,1.158,0.933,0.12
L0169,Kalindi Kunj,South East,28.56009,77.23766,mixed,local,0.65,3.26,AIIMS Delhi,1.54,Lajpat Nagar,3,5,19.4,2.177,1.145,0.14,0.465
L0170,Sarita Vihar Block A,South East,28.52776,77.24221,transit-hub,collector,0.65,2.68,Max Hospital Saket,2.62,Kalkaji Mandir,5,3,20.8,0.627,0.875,0.634,-0.071
L0171,Sarita Vihar Extension,South East,28.56841,77.24138,transit-hub,collector,0.52,3.53,AIIMS Delhi,0.65,Lajpat Nagar,6,3,17.5,0.978,0.818,1.346,0.153
L0172,Lajpat Nagar Colony,South East,28.53152,77.26163,market-zone,local,1.36,3.34,Apollo Hospital Sarita Vihar,1.86,Kalkaji Mandir,6,3,22.6,0.46,0.703,0.603,-0.726
L0173,Govindpuri Colony,South East,28.54638,77.26749,residential,collector,1.49,2.6,Apollo Hospital Sarita Vihar,0.84,Kalkaji Mandir,4,4,14.8,-0.73,1.086,0.886,0.542
L0174,Jamia Nagar Phase 1,South East,28.54592,77.28487,residential,local,1.3,0.81,Apollo Hospital Sarita Vihar,2.45,Kalkaji Mandir,2,8,19.3,1.479,1.283,1.585,-0.047
L0175,Okhla Colony,South East,28.53382,77.24693,commercial,local,1.95,3.26,Max Hospital Saket,1.72,Kalkaji Mandir,5,3,15.0,0.307,1.212,0.651,-0.944
L0176,New Friends Colony Block C,South East,28.5643,77.26274,residential,collector,0.76,4.34,Apollo Hospital Sarita Vihar,2.04,Kalkaji Mandir,2,7,10.8,0.153,1.365,1.359,0.863
L0177,Shaheen Bagh Colony,South East,28.52042,77.25296,mixed,arterial,2.45,3.62,Max Hospital Saket,2.91,Kalkaji Mandir,2,3,17.7,1.069,0.609,0.985,0.595
L0178,Shaheen Bagh Phase 2,South East,28.56736,77.26556,residential,local,2.07,4.35,Apollo Hospital Sarita Vihar,2.22,Lajpat Nagar,4,6,13.9,-0.944,1.43,0.669,0.562
L0179,Preet Vihar,East,28.63625,77.31002,transit-hub,collector,1.65,6.95,GTB Hospital,2.01,Preet Vihar,6,3,23.4,-2.067,1.471,0.348,0.42
L0180,Mayur Vihar,East,28.6399,77.28684,transit-hub,local,1.46,4.61,LNJP Hospital,0.91,Preet Vihar,4,3,13.9,-0.278,1.198,1.351,0.342
L0181,Ghazipur,East,28.62559,77.31777,residential,arterial,0.69,8.03,LNJP Hospital,2.23,Preet Vihar,1,4,12.5,-0.323,1.017,1.416,0.655
L0182,New Ashok Nagar,East,28.6028,77.29284,residential,local,1.85,7.13,LNJP Hospital,0.43,Mayur Vihar-I,1,6,18.4,-0.708,1.434,0.78,-0.003
L0183,Kalyanpuri,East,28.61502,77.30527,residential,local,0.75,7.11,LNJP Hospital,2.14,Mayur Vihar-I,4,8,17.0,-1.256,1.271,1.15,-0.384
L0184,Madhu Vihar,East,28.62623,77.30752,transit-hub,highway-adjacent,2.44,7.23,LNJP Hospital,1.33,Preet Vihar,6,4,14.7,1.539,1.054,1.525,-1.719
L0185,Shakarpur,East,28.61824,77.30575,mixed,local,1.82,7.52,LNJP Hospital,2.2,Mayur Vihar-I,3,2,11.4,0.586,1.173,0.546,-0.519
L0186,Laxmi Nagar,East,28.60609,77.30893,mixed,collector,1.78,7.31,Apollo Hospital Sarita Vihar,1.88,Mayur Vihar-I,4,2,17.9,-1.062,0.894,0.236,-0.348
L0187,Mandawali,East,28.60778,77.29418,mixed,arterial,1.61,7.0,LNJP Hospital,0.65,Mayur Vihar-I,4,2,17.0,-1.261,0.895,1.15,-0.333
L0188,Patparganj,East,28.60637,77.3113,commercial,collector,2.39,7.61,Apollo Hospital Sarita Vihar,1.77,Mayur Vihar-I,6,1,15.0,1.363,0.757,1.268,-0.709
L0189,Preet Vihar Block A,East,28.63024,77.28523,transit-hub,arterial,0.52,4.67,LNJP Hospital,1.3,Preet Vihar,3,3,17.8,-0.623,1.014,0.572,-0.786
L0190,Ghazipur Block C,East,28.63362,77.31972,residential,collector,1.68,7.71,GTB Hospital,2.44,Preet Vihar,1,8,18.7,-1.429,1.369,0.661,-1.118
L0191,Ghazipur Block A,East,28.60213,77.28987,mixed,arterial,2.02,6.89,LNJP Hospital,0.38,Mayur Vihar-I,5,2,15.9,1.924,1.172,0.474,-0.107
L0192,Laxmi Nagar Block A,East,28.61872,77.29052,mixed,highway-adjacent,2.15,6.26,LNJP Hospital,1.38,Mayur Vihar-I,4,4,16.7,-0.454,0.468,1.646,-0.521
L0193,Mandawali Block C,East,28.63362,77.31418,mixed,collector,1.46,7.49,GTB Hospital,2.33,Preet Vihar,2,4,21.1,-1.703,0.66,0.835,-0.111
L0194,Mansarovar Park,Shahdara,28.66938,77.30557,mixed,collector,0.38,3.49,GTB Hospital,1.89,Shahdara,2,5,28.8,2.284,1.054,0.736,-0.129
L0195,Anand Vihar,Shahdara,28.68612,77.29438,transit-hub,arterial,1.93,2.11,GTB Hospital,2.09,Shahdara,5,3,20.7,-0.762,2.008,1.054,0.486
L0196,Seemapuri,Shahdara,28.66274,77.31106,residential,local,2.26,3.93,GTB Hospital,2.64,Shahdara,2,6,28.5,0.18,0.816,1.252,-0.185
L0197,Gandhi Nagar,Shahdara,28.67842,77.28415,residential,local,1.05,3.87,GTB Hospital,1.25,Shahdara,4,7,25.3,-0.142,1.209,0.498,-0.839
L0198,Krishna Nagar,Shahdara,28.667,77.3118,mixed,collector,0.56,3.43,GTB Hospital,2.28,Shahdara,2,2,18.7,-0.712,0.841,1.235,1.055
L0199,Geeta Colony,Shahdara,28.68629,77.2823,mixed,local,0.46,3.34,GTB Hospital,2.18,Shahdara,3,3,21.2,-0.87,0.905,1.261,0.766
L0200,Vivek Vihar,Shahdara,28.6688,77.28542,transit-hub,local,1.66,4.59,GTB Hospital,0.26,Shahdara,4,4,32.9,1.341,0.564,0.761,-0.025
L0201,Jagatpuri,Shahdara,28.66861,77.31307,residential,collector,1.23,3.72,GTB Hospital,2.53,Shahdara,4,3,23.2,-0.977,0.838,1.166,0.787
L0202,Dilshad Garden,Shahdara,28.66976,77.28426,residential,collector,1.32,4.79,GTB Hospital,1.09,Shahdara,2,5,18.4,-0.727,1.615,1.075,-0.057
L0203,Gandhi Nagar Colony,Shahdara,28.67644,77.30217,mixed,arterial,2.35,2.58,GTB Hospital,1.86,Shahdara,4,2,24.1,1.191,0.816,0.837,-0.494
L0204,Gandhi Nagar Block A,Shahdara,28.67065,77.28381,residential,arterial,0.44,4.02,GTB Hospital,0.83,Shahdara,4,5,26.5,-0.899,0.981,0.633,-0.216
L0205,Geeta Colony Block A,Shahdara,28.66987,77.28836,residential,local,1.88,4.26,GTB Hospital,0.18,Shahdara,4,6,27.5,0.415,0.84,0.766,-0.347
L0206,Geeta Colony Phase 1,Shahdara,28.67888,77.30885,residential,local,2.18,2.27,GTB Hospital,2.34,Shahdara,1,8,18.5,-1.641,0.994,1.4,-1.072
L0207,Vivek Vihar Colony,Shahdara,28.66926,77.29025,transit-hub,arterial,2.47,4.09,GTB Hospital,0.21,Shahdara,3,2,22.3,-0.421,0.725,1.223,-1.196
L0208,Jagatpuri Extension,Shahdara,28.66464,77.2823,residential,collector,1.47,5.32,GTB Hospital,1.44,Shahdara,1,8,18.3,-0.175,1.684,1.103,0.415
L0209,Jagatpuri Phase 2,Shahdara,28.66584,77.30396,mixed,local,2.02,4.32,GTB Hospital,1.24,Shahdara,5,5,27.0,-1.374,0.665,0.661,0.511
L0210,Dwarka Sector 23,Dwarka,28.59587,77.01379,residential,local,1.53,13.71,Deen Dayal Upadhyay Hospital,6.44,Dwarka Sector 21,2,6,9.9,2.46,0.881,0.475,-1.641
L0211,Dwarka North,Dwarka,28.59301,77.00112,residential,arterial,2.22,15.32,Deen Dayal Upadhyay Hospital,7.31,Dwarka Sector 21,2,7,9.6,1.303,0.754,0.48,1.015
L0212,Dwarka South,Dwarka,28.6076,77.02366,mixed,local,1.51,12.89,Deen Dayal Upadhyay Hospital,7.04,Janakpuri West,5,2,7.1,-0.048,1.294,0.896,0.397
L0213,Najafgarh,Dwarka,28.56602,77.06878,residential,local,1.34,11.58,Deen Dayal Upadhyay Hospital,1.7,Dwarka Sector 21,2,4,14.8,-1.381,1.543,1.074,-0.412
L0214,Dabri,Dwarka,28.58328,76.9952,residential,collector,2.44,16.28,Deen Dayal Upadhyay Hospital,7.0,Dwarka Sector 21,4,7,7.3,-0.517,1.013,0.952,-0.199
L0215,Uttam Nagar,Dwarka,28.57643,77.03075,residential,arterial,1.74,13.42,Deen Dayal Upadhyay Hospital,3.56,Dwarka Sector 21,1,7,8.6,-0.854,1.264,0.856,-0.811
L0216,Bindapur,Dwarka,28.60912,77.04933,residential,highway-adjacent,2.35,10.46,Deen Dayal Upadhyay Hospital,4.34,Janakpuri West,2,5,6.8,1.071,0.943,0.915,0.528
L0217,Chhawla,Dwarka,28.5708,77.04288,mixed,local,0.32,13.04,Deen Dayal Upadhyay Hospital,2.71,Dwarka Sector 21,4,3,8.9,0.655,1.049,1.016,0.617
L0218,Mohan Garden,Dwarka,28.56877,77.05597,residential,local,1.48,12.46,Deen Dayal Upadhyay Hospital,1.94,Dwarka Sector 21,2,4,7.7,0.693,0.492,0.851,-0.844
L0219,Dwarka Sector 23 Block B,Dwarka,28.60123,77.04532,residential,local,0.33,10.86,Deen Dayal Upadhyay Hospital,5.06,Janakpuri West,1,3,11.4,1.433,1.51,0.536,-0.553
L0220,Dwarka North Colony,Dwarka,28.58,77.05298,residential,arterial,1.47,11.8,Deen Dayal Upadhyay Hospital,2.88,Dwarka Sector 21,1,8,15.5,0.204,0.674,0.526,-0.658
L0221,Najafgarh Extension,Dwarka,28.60293,76.99939,residential,collector,2.13,14.7,Deen Dayal Upadhyay Hospital,8.29,Dwarka Sector 21,1,5,11.1,-2.065,1.131,0.535,0.462
L0222,Dabri Colony,Dwarka,28.60701,77.04095,residential,local,1.51,11.21,Deen Dayal Upadhyay Hospital,5.05,Janakpuri West,4,7,7.8,0.036,0.621,1.415,-0.126
L0223,Dabri Phase 2,Dwarka,28.57117,77.00124,residential,highway-adjacent,0.76,16.3,Deen Dayal Upadhyay Hospital,5.86,Dwarka Sector 21,4,7,7.2,0.681,0.676,0.579,-1.456
L0224,Uttam Nagar Block B,Dwarka,28.56532,77.01006,residential,local,0.57,16.26,Deen Dayal Upadhyay Hospital,4.66,Dwarka Sector 21,3,5,9.2,-0.563,1.178,1.017,1.08
L0225,Bindapur Block C,Dwarka,28.56574,77.0566,residential,local,1.05,12.21,Deen Dayal Upadhyay Hospital,1.79,Dwarka Sector 21,2,6,15.3,0.82,0.968,1.208,0.282
L0226,Chhawla Phase 1,Dwarka,28.59279,77.04417,mixed,collector,1.58,11.8,Deen Dayal Upadhyay Hospital,5.03,Dwarka Sector 21,2,2,8.2,0.05,0.901,0.44,0.634
L0227,Mohan Garden Phase 2,Dwarka,28.5836,77.0623,residential,local,0.63,10.58,Deen Dayal Upadhyay Hospital,3.69,Dwarka Sector 21,1,8,10.4,1.403,0.514,0.971,-0.266
L0228,Nihal Vihar,Outer,28.6849,77.05587,transit-hub,highway-adjacent,0.39,6.72,Rohini Hospital (BSA),6.99,Janakpuri West,3,4,8.7,-0.667,0.828,1.425,-0.445
L0229,Mundka,Outer,28.69946,77.02321,residential,local,0.9,8.95,Rohini Hospital (BSA),10.38,Janakpuri West,1,4,11.9,-0.915,0.553,0.879,0.267
L0230,Paschim Vihar,Outer,28.70574,77.05215,transit-hub,arterial,0.88,6.13,Rohini Hospital (BSA),7.49,Rohini Sector 18,4,2,10.6,-0.266,1.849,0.714,-0.401
L0231,Nangloi,Outer,28.69587,77.02624,residential,collector,1.45,8.53,Rohini Hospital (BSA),9.22,Janakpuri West,4,4,10.3,-0.832,1.267,1.444,0.08
L0232,Mangol Puri,Outer,28.66364,77.00774,residential,local,1.42,11.83,Rohini Hospital (BSA),8.51,Janakpuri West,4,4,7.0,0.297,1.099,1.49,-0.163
L0233,Ranhola,Outer,28.69293,77.00783,mixed,arterial,2.42,10.34,Rohini Hospital (BSA),10.9,Janakpuri West,5,2,15.3,-0.721,1.212,1.535,0.072
L0234,Sultanpuri,Outer,28.70992,77.05179,mixed,arterial,2.14,5.84,Rohini Hospital (BSA),6.84,Rohini Sector 18,4,5,6.8,0.046,0.987,0.437,0.795
L0235,Raj Park,Outer,28.67256,77.00265,residential,collector,2.06,11.7,Rohini Hospital (BSA),9.75,Janakpuri West,3,7,7.1,-1.164,0.722,0.827,-0.632
L0236,Mundka Block B,Outer,28.66781,77.03414,residential,collector,0.33,8.99,Rohini Hospital (BSA),7.04,Janakpuri West,2,8,10.8,-0.152,1.167,1.17,-0.737
L0237,Paschim Vihar Phase 2,Outer,28.70129,77.02057,transit-hub,highway-adjacent,2.26,9.14,Rohini Hospital (BSA),10.76,Rohini Sector 18,4,2,13.0,1.216,1.302,0.674,0.442
L0238,Paschim Vihar Sector Extension,Outer,28.69171,77.00299,transit-hub,arterial,2.46,11.04,Rohini Hospital (BSA),11.2,Janakpuri West,3,4,11.6,-0.262,0.683,0.808,0.177
L0239,Mangol Puri Block C,Outer,28.70685,77.06688,residential,collector,1.71,4.44,Rohini Hospital (BSA),5.47,Rohini Sector 18,2,8,8.5,-1.828,1.218,0.825,-0.682
L0240,Sultanpuri Colony,Outer,28.67477,77.01947,residential,local,1.5,9.86,Rohini Hospital (BSA),8.26,Janakpuri West,4,6,8.4,0.245,0.681,0.833,0.633
L0241,Raj Park Phase 2,Outer,28.68686,77.01681,mixed,arterial,1.78,9.54,Rohini Hospital (BSA),9.95,Janakpuri West,2,4,12.3,0.363,0.472,1.763,-0.939
L0242,Raj Park Block A,Outer,28.66552,77.0059,residential,collector,1.02,11.94,Rohini Hospital (BSA),9.33,Janakpuri West,1,5,6.1,-1.906,0.903,1.194,-0.323
L0243,Narela,Outer North,28.8143,77.14889,residential,collector,1.49,11.29,Fortis Shalimar Bagh,11.42,Rohini Sector 18,4,4,8.1,0.216,1.101,0.873,-0.988
L0244,Alipur,Outer North,28.72134,77.10465,mixed,collector,1.82,1.41,Rohini Hospital (BSA),2.3,Rohini Sector 18,2,2,6.9,-1.267,1.289,1.13,-0.471
L0245,Samaipur Badli,Outer North,28.79563,77.09579,residential,arterial,0.44,9.08,Rohini Hospital (BSA),9.09,Rohini Sector 18,3,6,7.7,1.497,0.542,1.402,-0.094
L0246,Bawana,Outer North,28.81841,77.10198,residential,collector,1.69,12.05,Rohini Hospital (BSA),11.8,Rohini Sector 18,1,5,7.7,-0.759,0.227,0.039,-0.789
L0247,Shahbad Dairy,Outer North,28.80776,77.08277,residential,local,1.81,11.05,Rohini Hospital (BSA),10.76,Rohini Sector 18,4,8,15.5,0.946,1.513,0.717,0.022
L0248,Swaroop Nagar,Outer North,28.80101,77.09301,mixed,collector,1.99,10.38,Rohini Hospital (BSA),10.13,Rohini Sector 18,3,4,7.6,0.779,0.692,1.274,-0.516
L0249,Bhalswa Dairy,Outer North,28.73163,77.08579,residential,highway-adjacent,0.59,3.46,Rohini Hospital (BSA),4.17,Rohini Sector 18,3,5,15.3,0.533,1.345,1.173,0.517
L0250,Narela Block B,Outer North,28.78708,77.09949,residential,local,1.26,8.39,Rohini Hospital (BSA),7.94,Rohini Sector 18,1,7,10.2,0.157,0.636,1.322,-0.703
L0251,Alipur Colony,Outer North,28.72814,77.14389,mixed,arterial,2.31,1.65,Fortis Shalimar Bagh,2.55,Rohini Sector 18,4,4,14.8,0.463,0.308,1.781,-0.927
L0252,Samaipur Badli Block A,Outer North,28.77167,77.139,residential,collector,1.6,6.22,Fortis Shalimar Bagh,6.28,Rohini Sector 18,3,7,6.5,1.542,1.246,0.678,0.238
L0253,Bawana Extension,Outer North,28.74308,77.13294,mixed,local,0.9,4.22,Fortis Shalimar Bagh,3.48,Rohini Sector 18,2,2,15.8,-1.623,1.185,1.234,-0.271
L0254,Bawana Block A,Outer North,28.75037,77.07326,mixed,arterial,1.54,6.04,Rohini Hospital (BSA),6.08,Rohini Sector 18,3,5,14.1,-0.169,1.187,1.263,-0.024
L0255,Swaroop Nagar Colony,Outer North,28.7884,77.07119,residential,collector,2.19,9.14,Rohini Hospital (BSA),9.86,Rohini Sector 18,3,3,13.1,-0.46,1.14,0.812,0.527
L0256,Swaroop Nagar Block A,Outer North,28.80879,77.13858,mixed,collector,0.73,10.24,Fortis Shalimar Bagh,10.83,Rohini Sector 18,4,5,6.1,-0.152,1.307,1.023,0.195
L0257,Rohini Sector 3,Rohini,28.71942,77.13531,residential,local,1.57,1.91,Fortis Shalimar Bagh,1.64,Rohini Sector 18,1,8,10.1,-1.036,0.757,1.077,-0.227
L0258,Vijay Vihar,Rohini,28.70433,77.13465,transit-hub,arterial,2.15,2.46,Rohini Hospital (BSA),0.53,Pitampura,6,4,13.1,-0.489,0.973,0.5,-0.092
L0259,Rohini Sector 7,Rohini,28.7026,77.0828,residential,local,0.37,3.0,Rohini Hospital (BSA),4.59,Rohini Sector 18,1,7,10.4,0.337,1.376,1.01,-0.095
L0260,Prem Nagar,Rohini,28.70108,77.13718,mixed,arterial,2.41,2.28,Fortis Shalimar Bagh,0.34,Pitampura,5,4,13.0,-0.456,1.009,0.336,-0.787
L0261,Begampur,Rohini,28.74455,77.12999,residential,local,2.12,3.92,Rohini Hospital (BSA),3.47,Rohini Sector 18,1,8,10.2,1.675,1.305,0.986,-0.128
L0262,Budh Vihar,Rohini,28.74825,77.09114,transit-hub,arterial,2.43,4.41,Rohini Hospital (BSA),4.83,Rohini Sector 18,4,4,7.9,0.289,0.675,1.309,0.736
L0263,Rohini Sector 16,Rohini,28.7429,77.08152,residential,collector,2.0,4.83,Rohini Hospital (BSA),5.45,Rohini Sector 18,1,3,9.4,-1.51,0.272,1.001,-0.382
L0264,Prashant Vihar,Rohini,28.7436,77.08409,transit-hub,arterial,2.16,4.58,Rohini Hospital (BSA),5.36,Rohini Sector 18,6,2,9.2,-2.298,1.11,0.6,0.457
L0265,Aman Vihar,Rohini,28.71882,77.08301,transit-hub,highway-adjacent,1.61,2.66,Rohini Hospital (BSA),4.47,Rohini Sector 18,4,3,8.7,1.221,1.332,0.721,-0.135
L0266,Kanjhawala,Rohini,28.73198,77.09728,residential,local,1.4,2.96,Rohini Hospital (BSA),3.32,Rohini Sector 18,1,6,8.4,-1.345,0.391,0.687,-0.067
L0267,Vijay Vihar Block C,Rohini,28.70043,77.1233,transit-hub,arterial,1.61,1.95,Rohini Hospital (BSA),1.26,Pitampura,4,3,10.1,-0.206,0.72,1.235,0.306
L0268,Rohini Sector 7 Colony,Rohini,28.73411,77.13295,residential,local,1.33,3.18,Fortis Shalimar Bagh,2.23,Rohini Sector 18,1,3,9.1,-0.039,1.257,1.021,-0.942
L0269,Prem Nagar Extension,Rohini,28.74694,77.08207,residential,local,0.6,4.76,Rohini Hospital (BSA),5.91,Rohini Sector 18,3,7,14.0,-0.142,1.537,1.774,0.741
L0270,Prem Nagar Colony,Rohini,28.71113,77.12692,mixed,collector,2.37,1.55,Rohini Hospital (BSA),0.84,Rohini Sector 18,5,3,7.2,0.482,0.42,1.025,-0.406
L0271,Kanjhawala Phase 1,Rohini,28.71718,77.12218,mixed,highway-adjacent,0.3,1.53,Rohini Hospital (BSA),0.56,Rohini Sector 18,3,5,7.7,1.275,1.474,1.056,0.394
L0272,Kanjhawala Block A,Rohini,28.71213,77.09716,residential,local,0.76,1.18,Rohini Hospital (BSA),2.48,Rohini Sector 18,3,3,12.7,-1.182,0.941,1.385,0.864
